GEOID,Percent low income,Margin of Error,Lower bound,Upper bound,Designation Change
340010001001,0.6899383983572895,0.1782938830646236,0.511644515292666,0.8682322814219131,2
340010001002,0.5851142225497421,0.1576775048780055,0.4274367176717366,0.7427917274277476,2
340010003001,0.587793427230047,0.2005449712233222,0.3872484560067248,0.7883383984533692,2
340010003002,0.6063535911602209,0.1697361561409212,0.4366174350192997,0.7760897473011421,2
340010004001,0.6426086956521739,0.1247050591339481,0.5179036365182258,0.7673137547861221,2
340010004002,0.7311028500619579,0.1676847872473138,0.563418062814644,0.8987876373092717,2
340010004003,0.7192763568309419,0.1537075823397767,0.5655687744911653,0.8729839391707186,2
340010005001,0.7682648401826484,0.1720863015909971,0.5961785385916513,0.9403511417736456,2
340010005002,0.6172668513388735,0.1361291392904631,0.4811377120484104,0.7533959906293366,2
340010011002,0.5701598579040853,0.1998926125592994,0.3702672453447859,0.7700524704633847,2
340010014001,0.9191456903127384,0.0941056775673453,0.8250400127453931,1.0132513678800836,2
340010014003,0.6761565836298933,0.1562237708791427,0.5199328127507505,0.832380354509036,2
340010015001,0.8801498127340824,0.083944863444504,0.7962049492895784,0.9640946761785864,2
340010015002,0.6691729323308271,0.2312146246693687,0.4379583076614584,0.9003875570001958,2
340010019001,0.7281553398058254,0.1626181287073642,0.5655372110984611,0.8907734685131896,2
340010019002,0.621900826446281,0.2262048289933954,0.3956959974528856,0.8481056554396764,2
340010023001,0.7383928571428572,0.1813651761583957,0.5570276809844614,0.9197580333012528,2
340010023002,0.7265481299816063,0.1192441447284035,0.6073039852532028,0.8457922747100098,2
340010024001,0.6815834767641997,0.3285433246211337,0.353040152143066,1.0101268013853335,2
340010024002,0.928125,0.072590341795906,0.855534658204094,1.000715341795906,2
340010024003,0.912811387900356,0.1330649556617793,0.7797464322385766,1.0458763435621352,2
340010024004,0.6777609682299547,0.1677864726589389,0.5099744955710158,0.8455474408888936,2
340010025001,0.6324237560192617,0.1987693231793606,0.4336544328399011,0.8311930791986223,2
340010025002,0.8956602031394276,0.0896945383208133,0.8059656648186143,0.9853547414602408,2
340010025004,0.6257110352673493,0.1497925080884428,0.4759185271789065,0.7755035433557921,2
340010101052,0.5578034682080926,0.1935043335526921,0.3642991346554005,0.7513078017607846,2
340010106004,0.7146974063400577,0.1933497979901508,0.5213476083499069,0.9080472043302086,2
340010118032,0.5486891385767791,0.1109288462937123,0.4377602922830668,0.6596179848704915,2
340010119011,0.7409305993690851,0.2106922242278001,0.530238375141285,0.9516228235968852,2
340010119022,0.618437900128041,0.1159582144844436,0.5024796856435974,0.7343961146124847,2
340010120002,0.6243119266055046,0.2204884473026121,0.4038234793028925,0.8448003739081167,2
340010121002,0.7111426543647978,0.1697322990952422,0.5414103552695556,0.8808749534600401,2
340010122001,0.5679096818337326,0.1913256685153239,0.3765840133184087,0.7592353503490565,2
340010128011,0.5516093229744727,0.1447785446446116,0.4068307783298611,0.6963878676190843,2
340030035002,0.6970748636588995,0.1079999785694337,0.5890748850894658,0.8050748422283331,2
340030063024,0.6612021857923498,0.1736727931923035,0.4875293926000463,0.8348749789846532,2
340030112001,0.5939196525515744,0.2232340748228649,0.3706855777287095,0.8171537273744394,2
340030182002,0.6218202374222725,0.248374520984034,0.3734457164382385,0.8701947584063066,2
340030192041,0.6481802426343155,0.1754351846860704,0.4727450579482451,0.823615427320386,2
340030216003,0.6196850393700788,0.1961610646205593,0.4235239747495195,0.8158461039906381,2
340030411003,0.7542662116040956,0.2831948506638188,0.4710713609402768,1.0374610622679143,2
340057012042,0.6631578947368422,0.1951607181230542,0.467997176613788,0.8583186128598963,2
340057031032,0.7793696275071634,0.2169221546071977,0.5624474728999658,0.9962917821143612,2
340057042021,0.7148407148407148,0.2992959992380333,0.4155447156026814,1.014136714078748,2
340076004001,0.9172984148862854,0.1242601881140176,0.7930382267722678,1.041558603000303,2
340076007001,0.6292974588938716,0.1276960154321906,0.5016014434616809,0.7569934743260622,2
340076008001,0.7285067873303168,0.2760415882717332,0.4524651990585836,1.00454837560205,2
340076008003,0.952029520295203,0.047747712230083,0.90428180806512,0.999777232525286,2
340076008004,0.9143179255918829,0.0875759620904037,0.8267419635014791,1.0018938876822865,2
340076009001,0.7410440122824975,0.1409464076230851,0.6000976046594124,0.8819904199055826,2
340076009002,0.6599783080260304,0.1900410825460059,0.4699372254800245,0.8500193905720363,2
340076010003,0.5352591333899746,0.1715732954250508,0.3636858379649237,0.7068324288150254,2
340076011011,0.8243451463790448,0.114390142937007,0.7099550034420378,0.9387352893160518,2
340076011021,0.6671961874503574,0.2309647795039928,0.4362314079463645,0.8981609669543502,2
340076012002,0.5624315443592551,0.1875940215768323,0.3748375227824228,0.7500255659360875,2
340076013001,0.8599640933572711,0.1787916780930014,0.6811724152642697,1.0387557714502724,2
340076013002,0.5256736146415861,0.1611487740560252,0.3645248405855609,0.6868223886976114,2
340076013003,0.6530426884650318,0.1731035970626756,0.4799390914023561,0.8261462855277074,2
340076014001,0.746606334841629,0.2382589203089637,0.5083474145326653,0.9848652551505926,2
340076015001,0.8614958448753463,0.2315758502577566,0.6299199946175896,1.0930716951331028,2
340076015002,0.6993185689948893,0.2564271560853247,0.4428914129095646,0.955745725080214,2
340076015005,0.6948974224092583,0.165677588962066,0.5292198334471924,0.8605750113713243,2
340076016001,0.8735632183908046,0.1069470999315173,0.7666161184592873,0.980510318322322,2
340076016003,0.6567656765676568,0.2307400666585637,0.4260256099090931,0.8875057432262206,2
340076017001,0.9586513994910942,0.043854433373235,0.9147969661178592,1.0025058328643293,2
340076017002,0.7956204379562044,0.1861916238754027,0.6094288140808017,0.9818120618316072,2
340076019001,0.719174041297935,0.1325184087841945,0.5866556325137405,0.8516924500821296,2
340076019002,0.6451292246520874,0.2372557960390345,0.407873428613053,0.8823850206911219,2
340076020001,0.8164251207729469,0.2416233836930467,0.5748017370799002,1.0580485044659935,2
340076020002,0.6727777777777778,0.2443702492349123,0.4284075285428655,0.9171480270126902,2
340076020003,0.7761966364812419,0.1854833227330801,0.5907133137481618,0.961679959214322,2
340076020004,0.703205791106515,0.2361823776412961,0.4670234134652189,0.9393881687478112,2
340076052002,0.6193806193806194,0.2117121825813195,0.4076684367992998,0.8310928019619389,2
340076075071,0.6420454545454546,0.1289082537720375,0.5131372007734171,0.7709537083174921,2
340076077014,0.7081103334705641,0.1818331617694183,0.5262771717011457,0.8899434952399824,2
340076082102,0.6177693761814744,0.1426548570533083,0.4751145191281661,0.7604242332347827,2
340076085042,0.7027687296416938,0.1823871877524043,0.5203815418892894,0.8851559173940982,2
340076092012,0.4990881458966565,0.1461470698717524,0.3529410760249041,0.6452352157684089,2
340076092022,0.5605095541401274,0.2007157095778829,0.3597938445622445,0.7612252637180102,2
340076092051,0.7862208713272543,0.2043376260017227,0.5818832453255316,0.9905584973289768,2
340076105001,1.0,0.0,1.0,1.0,2
340076110002,0.6181172291296626,0.190232410820139,0.4278848183095236,0.8083496399498016,2
340076115003,1.0,0.0,1.0,1.0,2
340076116003,0.6688068485821295,0.1322893242784957,0.5365175243036338,0.8010961728606252,2
340090205001,0.5559284116331097,0.1252555629243026,0.430672848708807,0.6811839745574123,2
340090205002,0.4974433893352812,0.0896085761127886,0.4078348132224926,0.5870519654480698,2
340090214005,0.5795090715048026,0.2159151175258421,0.3635939539789604,0.7954241890306447,2
340090215001,0.5645645645645646,0.1863273659587662,0.3782371986057984,0.7508919305233308,2
340090215002,0.7254901960784315,0.2374439405749382,0.4880462555034932,0.9629341366533696,2
340090218062,0.5407925407925408,0.1881562380094388,0.352636302783102,0.7289487788019796,2
340110104013,0.4394757131842713,0.0851803610584323,0.354295352125839,0.5246560742427036,2
340110201001,0.7931609674728941,0.1315909945583708,0.6615699729145232,0.924751962031265,2
340110202001,0.5862607338017174,0.157447528368961,0.4288132054327563,0.7437082621706784,2
340110202002,0.8087201125175809,0.1209528340994009,0.68776727841818,0.929672946616982,2
340110203011,0.8460144927536232,0.173704695305413,0.6723097974482102,1.0197191880590362,2
340110203021,0.7826086956521741,0.1396694801183347,0.6429392155338394,0.9222781757705087,2
340110203022,0.5813101236830052,0.2233160264334575,0.3579940972495476,0.8046261501164627,2
340110204002,0.5221274868047097,0.1698614851384426,0.3522660016662671,0.6919889719431522,2
340110205031,0.5642045454545455,0.1778978031086728,0.3863067423458727,0.7421023485632182,2
340110205032,0.7510521204273228,0.1260321320547448,0.625019988372578,0.8770842524820677,2
340110206003,0.5609625668449199,0.1976718707863929,0.3632906960585269,0.7586344376313128,2
340110301001,0.6370370370370371,0.1524185907066642,0.4846184463303729,0.7894556277437013,2
340110302005,0.7254130605822187,0.2028725594797393,0.5225405011024793,0.928285620061958,2
340110303001,0.6192214111922142,0.2660720761012507,0.3531493350909634,0.8852934872934649,2
340110304012,0.718562874251497,0.2057077484509343,0.5128551258005627,0.9242706227024312,2
340110304021,0.6367781155015197,0.168526132554305,0.4682519829472147,0.8053042480558248,2
340110404003,0.5921945701357466,0.2223826386365417,0.3698119314992049,0.8145772087722883,2
340110405001,0.6353658536585366,0.1590100142976051,0.4763558393609315,0.7943758679561417,2
340110405003,0.6116774791473587,0.219155627362754,0.3925218517846047,0.8308331065101127,2
340110406022,0.5949800342270394,0.1693817953022445,0.4255982389247948,0.7643618295292839,2
340110411022,0.7424698795180723,0.2487218583901682,0.4937480211279041,0.9911917379082404,2
340130003001,0.6793859649122806,0.1953210804072672,0.4840648845050134,0.8747070453195478,2
340130003002,0.6458236117592161,0.202799806125009,0.443023805634207,0.8486234178842251,2
340130007002,0.6599813432835822,0.2153659775232475,0.4446153657603346,0.8753473208068296,2
340130009001,0.6408730158730159,0.2255422585779171,0.4153307572950988,0.866415274450933,2
340130010001,0.7933194154488518,0.1693625656235521,0.6239568498252996,0.962681981072404,2
340130013001,0.5188459748720335,0.1531700708439458,0.3656759040280877,0.6720160457159794,2
340130014002,0.5549242424242424,0.2016103817704015,0.3533138606538409,0.7565346241946439,2
340130015001,0.7906066536203523,0.1348496420114846,0.6557570116088677,0.925456295631837,2
340130016001,0.5478036175710594,0.1848337100429641,0.3629699075280953,0.7326373276140236,2
340130019002,0.660833762223366,0.1933626141362734,0.4674711480870925,0.8541963763596394,2
340130021001,0.8052851182197497,0.1770388095706853,0.6282463086490644,0.982323927790435,2
340130022031,0.5985776970797398,0.11785057550161,0.4807271215781298,0.7164282725813499,2
340130023004,0.6873786407766991,0.2583599464076032,0.4290186943690959,0.9457385871843024,2
340130024001,0.589298626174982,0.2149122884565257,0.3743863377184562,0.8042109146315077,2
340130026001,0.4894703254626675,0.1374697192308557,0.3520006062318118,0.6269400446935232,2
340130028001,0.5515177426250535,0.1482172783468519,0.4033004642782016,0.6997350209719053,2
340130031001,0.5929786066922655,0.1350435798919814,0.4579350268002841,0.7280221865842469,2
340130035001,0.688463911165947,0.2105296426574266,0.4779342685085204,0.8989935538233735,2
340130037001,0.5635062611806798,0.1866793164380807,0.3768269447425991,0.7501855776187605,2
340130037002,0.7110920034393808,0.2237279114162105,0.4873640920231703,0.9348199148555912,2
340130038001,0.5938349954669084,0.1742533830872114,0.419581612379697,0.7680883785541198,2
340130038002,0.6343042071197411,0.2634968966031653,0.3708073105165758,0.8978011037229063,2
340130039001,0.7122969837587008,0.263648213478027,0.4486487702806737,0.9759451972367278,2
340130039002,0.8019586507072907,0.1655867836005058,0.6363718671067848,0.9675454343077964,2
340130041002,0.9210836277974088,0.0870042448905965,0.8340793829068123,1.0080878726880054,2
340130041003,0.7050359712230216,0.2150260924685033,0.4900098787545183,0.9200620636915248,2
340130042001,0.6326048434731246,0.1484118773841831,0.4841929660889415,0.7810167208573078,2
340130044001,0.6953316953316953,0.1448802552622039,0.5504514400694913,0.8402119505938992,2
340130046001,0.7993439037725534,0.147988725349597,0.6513551784229563,0.9473326291221504,2
340130046003,0.7595141700404859,0.1699402519605378,0.5895739180799482,0.9294544220010236,2
340130048021,0.7028688524590164,0.2212346477087933,0.4816342047502231,0.9241035001678096,2
340130049002,0.6407599309153713,0.2265897266684363,0.414170204246935,0.8673496575838076,2
340130049003,0.7249190938511327,0.1567074279663109,0.5682116658848219,0.8816265218174436,2
340130052002,0.7344398340248963,0.2317397888078223,0.502700045217074,0.9661796228327186,2
340130053001,0.5459459459459459,0.1881197097983698,0.3578262361475761,0.7340656557443157,2
340130054001,0.925808997632202,0.0584480229938089,0.8673609746383931,0.984257020626011,2
340130054002,0.7374647887323944,0.1301766700213835,0.6072881187110108,0.867641458753778,2
340130057001,0.5894006934125805,0.1821421678610937,0.4072585255514868,0.7715428612736742,2
340130062001,0.6736947791164659,0.1580070896351518,0.515687689481314,0.8317018687516178,2
340130062002,0.6290909090909091,0.1936802370693877,0.4354106720215214,0.8227711461602969,2
340130067001,0.6339031339031339,0.1503006142123776,0.4836025196907563,0.7842037481155115,2
340130067002,0.6321493076459964,0.2038915262618871,0.4282577813841093,0.8360408339078835,2
340130070001,0.6639203570202541,0.1313443467649359,0.5325760102553182,0.79526470378519,2
340130070002,0.7285539215686275,0.1668105443460112,0.5617433772226164,0.8953644659146387,2
340130073001,0.5698198198198199,0.1990922050534519,0.3707276147663679,0.7689120248732718,2
340130073002,0.5771223595057793,0.1456913122478155,0.4314310472579638,0.7228136717535948,2
340130075011,0.6896086369770581,0.1944657589301693,0.4951428780468888,0.8840743959072274,2
340130075014,0.8488038277511962,0.1229293634276894,0.7258744643235069,0.9717331911788856,2
340130075022,0.6466317063331989,0.1231368648485073,0.5234948414846916,0.7697685711817062,2
340130076001,0.577457539886773,0.1325356085234419,0.444921931363331,0.7099931484102149,2
340130077001,0.6195255474452555,0.1100958279467235,0.509429719498532,0.7296213753919789,2
340130079002,0.6515264333581534,0.2881380260189671,0.3633884073391863,0.9396644593771204,2
340130079003,0.482,0.1242255538685436,0.3577744461314563,0.6062255538685436,2
340130081001,0.6731182795698925,0.1116783687249738,0.5614399108449186,0.7847966482948663,2
340130082001,0.5338050314465409,0.1824135697498238,0.3513914616967171,0.7162186011963647,2
340130082002,0.8651315789473685,0.1972754222403434,0.6678561567070251,1.0624070011877118,2
340130090001,0.558616271620756,0.132158615670696,0.42645765595006,0.690774887291452,2
340130091001,0.6434526728788622,0.2864499704595553,0.3570027024193069,0.9299026433384174,2
340130092001,0.6272806255430061,0.2371236372793488,0.3901569882636573,0.8644042628223549,2
340130092002,0.9388971684053652,0.0988276148429478,0.8400695535624174,1.037724783248313,2
340130093001,0.6278044871794872,0.1386659878856597,0.4891384992938275,0.766470475065147,2
340130094003,0.6555090655509066,0.210352274174515,0.4451567913763916,0.8658613397254216,2
340130096003,0.5961628451099673,0.2038457133672791,0.3923171317426882,0.8000085584772464,2
340130097002,0.5900151285930408,0.2138210047323679,0.3761941238606729,0.8038361333254087,2
340130106001,0.7313432835820897,0.193076934653767,0.5382663489283227,0.9244202182358566,2
340130109003,0.7994791666666667,0.2582393614140659,0.5412398052526008,1.0577185280807326,2
340130111001,0.7942951179374658,0.102289635094052,0.6920054828434138,0.8965847530315177,2
340130119001,0.6340304182509506,0.1329411636782712,0.5010892545726795,0.7669715819292218,2
340130120004,0.8524709302325582,0.2056088517339621,0.6468620784985961,1.0580797819665202,2
340130122005,0.6737260092653872,0.2112286368593043,0.4624973724060829,0.8849546461246914,2
340130124001,0.7892841062584421,0.1174188264673183,0.6718652797911239,0.9067029327257604,2
340130126002,0.667176740627391,0.1662555381454352,0.5009212024819558,0.8334322787728261,2
340130129001,0.5514834205933683,0.2010840503711713,0.350399370222197,0.7525674709645396,2
340130129002,0.7139175257731959,0.2271377725428547,0.4867797532303412,0.9410552983160506,2
340130133002,0.7264472190692395,0.2768840873571753,0.4495631317120642,1.0033313064264149,2
340130159001,0.6028097062579822,0.195700142299769,0.4071095639582132,0.7985098485577513,2
340130177003,0.695808383233533,0.200557425847992,0.495250957385541,0.896365809081525,2
340130181002,0.6201822004204625,0.1800994740757987,0.4400827263446637,0.8002816744962612,2
340130183003,0.5364190886257625,0.0980020348095397,0.4384170538162227,0.6344211234353022,2
340130187001,0.7800237812128419,0.216298681759334,0.5637250994535079,0.996322462972176,2
340130189001,0.6964980544747081,0.1760862226071929,0.5204118318675153,0.872584277081901,2
340130189004,0.6239669421487604,0.2619471003829078,0.3620198417658525,0.8859140425316682,2
340130227001,0.6375617792421746,0.1890122461966641,0.4485495330455105,0.8265740254388387,2
340130227002,0.6290322580645161,0.262325530253035,0.3667067278114811,0.8913577883175512,2
340130228001,0.625229638701776,0.1419251926417896,0.4833044460599863,0.7671548313435655,2
340130229001,0.5486641221374047,0.1114922915245696,0.437171830612835,0.6601564136619743,2
340130230001,0.6863684771033014,0.1550226869208681,0.5313457901824333,0.8413911640241695,2
340130232002,0.6511771995043372,0.2155437107089433,0.4356334887953939,0.8667209102132805,2
340130232003,0.9042769857433808,0.1818983999926137,0.7223785857507671,1.0861753857359946,2
340139801001,1.0,0.0,1.0,1.0,2
340155001004,0.539118065433855,0.1735302538642258,0.3655878115696291,0.7126483192980808,2
340155002043,1.0,0.0,1.0,1.0,2
340155010022,0.486627043090639,0.1325102595749081,0.3541167835157308,0.6191373026655471,2
340155011021,0.5798941798941799,0.2081797654797668,0.3717144144144131,0.7880739453739467,2
340155016045,0.6949152542372881,0.2527769660648549,0.4421382881724331,0.947692220302143,2
340155016093,0.764643237486688,0.1429959970690164,0.6216472404176716,0.9076392345557044,2
340155020026,1.0,0.0,1.0,1.0,2
340155024001,1.0,0.0,1.0,1.0,2
340170002001,0.5401234567901235,0.1668459832522497,0.3732774735378738,0.7069694400423732,2
340170002003,0.575,0.2182906282821299,0.3567093717178701,0.7932906282821298,2
340170006004,0.6996098829648896,0.2410026693103227,0.4586072136545669,0.9406125522752122,2
340170017011,0.7682570593962998,0.1945034478974485,0.5737536114988513,0.9627605072937484,2
340170018001,0.4966683751922091,0.131238683695584,0.3654296914966251,0.6279070588877931,2
340170018002,0.502615518744551,0.1237069398118288,0.3789085789327222,0.6263224585563798,2
340170027003,0.7728813559322034,0.2053705009387531,0.5675108549934503,0.9782518568709564,2
340170028001,0.6818932305998899,0.1990827389759209,0.482810491623969,0.8809759695758108,2
340170030002,0.5270270270270271,0.1652449052801065,0.3617821217469206,0.6922719323071336,2
340170031022,0.6970979443772674,0.2241555073316377,0.4729424370456296,0.921253451708905,2
340170040002,0.6567967698519517,0.2975561759648569,0.3592405938870948,0.9543529458168084,2
340170040003,0.633276740237691,0.1979843822406111,0.4352923579970799,0.8312611224783021,2
340170042001,0.6067469879518073,0.2167106141711382,0.390036373780669,0.8234576021229455,2
340170043001,0.5678617157490398,0.1789608843104801,0.3889008314385597,0.7468226000595198,2
340170044001,0.5789473684210527,0.2079367351253287,0.3710106332957239,0.7868841035463814,2
340170045001,0.7378542510121457,0.2404784269704381,0.4973758240417076,0.9783326779825838,2
340170052003,0.778084714548803,0.1553004479618427,0.6227842665869603,0.9333851625106456,2
340170055001,0.6310527960012495,0.1477561730048141,0.4832966229964354,0.7788089690060637,2
340170058011,0.5397034596375618,0.1317818553431536,0.4079216042944082,0.6714853149807154,2
340170059012,0.7074542897327708,0.2525112709684249,0.4549430187643459,0.9599655607011957,2
340170059021,0.6990291262135924,0.2800090119873038,0.4190201142262885,0.979038138200896,2
340170061022,0.844559585492228,0.2348667842431029,0.6096928012491251,1.0794263697353308,2
340170062001,0.5471092077087796,0.1615968387757141,0.3855123689330655,0.7087060464844936,2
340170067001,0.6741666666666667,0.2229677729465811,0.4511988937200856,0.8971344396132478,2
340170067002,1.0,0.0,1.0,1.0,2
340170067003,0.7990135635018496,0.1958897856340159,0.6031237778678337,0.9949033491358656,2
340170070011,0.6805399325084365,0.2282517201146205,0.452288212393816,0.908791652623057,2
340170071003,0.582109479305741,0.2284880231928014,0.3536214561129396,0.8105975024985423,2
340170106011,0.5479274611398963,0.18412053683726,0.3638069243026363,0.7320479979771564,2
340170107022,0.7047970479704797,0.186820791761837,0.5179762562086427,0.8916178397323167,2
340170113001,0.5748502994011976,0.2026068265043075,0.3722434728968901,0.7774571259055051,2
340170134001,0.6404586404586405,0.1489431184086407,0.4915155220499998,0.7894017588672813,2
340170137001,0.5418671799807508,0.1183065941060579,0.4235605858746929,0.6601737740868088,2
340170143001,0.6068515497553018,0.2109678327903313,0.3958837169649705,0.817819382545633,2
340170145023,0.6875687568756876,0.157671849782288,0.5298969070933996,0.8452406066579756,2
340170155001,0.5563318777292576,0.1911127270404936,0.365219150688764,0.7474446047697512,2
340170156001,0.531630648330059,0.1187916571574979,0.4128389911725611,0.6504223054875569,2
340170157002,0.7363473589973143,0.1122042073566474,0.6241431516406669,0.8485515663539617,2
340170158011,0.8098591549295775,0.3101563346548131,0.4997028202747643,1.1200154895843906,2
340170160002,0.5106044538706257,0.1485804835758733,0.3620239702947524,0.659184937446499,2
340170161002,0.6169201520912547,0.1950059990976348,0.4219141529936199,0.8119261511888896,2
340170162001,0.6165904637491835,0.2392165171335238,0.3773739466156597,0.8558069808827072,2
340170164003,0.6172953081876724,0.2188427128965188,0.3984525952911536,0.8361380210841912,2
340170166001,0.532,0.1699733165860482,0.3620266834139518,0.7019733165860482,2
340170169001,0.5838183934807917,0.1663396962566683,0.4174786972241233,0.75015808973746,2
340170169002,0.6717557251908397,0.1251776530253977,0.546578072165442,0.7969333782162374,2
340170170002,0.6199501246882793,0.2053790398734198,0.4145710848148595,0.825329164561699,2
340170171002,0.7437262357414449,0.1221923823041333,0.6215338534373116,0.8659186180455782,2
340170171003,0.6767567567567567,0.1744906933923272,0.5022660633644296,0.8512474501490839,2
340170174001,0.6257545271629779,0.1440256859041211,0.4817288412588567,0.769780213067099,2
340170176001,0.7382978723404257,0.1687204432845315,0.5695774290558941,0.9070183156249572,2
340170190004,0.8176216882316698,0.199520481320807,0.6181012069108628,1.0171421695524767,2
340170324003,0.6813186813186813,0.1382324487387717,0.5430862325799096,0.8195511300574531,2
340210002002,0.9012448132780084,0.1113951704866468,0.7898496427913616,1.0126399837646551,2
340210003002,0.8066712049012934,0.1414036234322873,0.6652675814690061,0.9480748283335808,2
340210003003,0.6943907156673115,0.335253532927223,0.3591371827400885,1.0296442485945343,2
340210004001,0.7830018083182642,0.1944333645832846,0.5885684437349795,0.9774351729015488,2
340210004002,1.0,0.0,1.0,1.0,2
340210004003,0.7108551825532958,0.1488550323154633,0.5620001502378326,0.8597102148687591,2
340210005003,0.5970724191063175,0.2140680891955826,0.3830043299107348,0.8111405083019001,2
340210007001,0.7981438515081207,0.1531560922625061,0.6449877592456146,0.9512999437706268,2
340210008002,0.6738941890719861,0.2418851682231128,0.4320090208488732,0.9157793572950989,2
340210010002,0.89375,0.1302466152365731,0.7635033847634269,1.0239966152365731,2
340210012002,0.5358255451713396,0.1656097383092914,0.3702158068620482,0.701435283480631,2
340210013001,1.0,0.0,1.0,1.0,2
340210013002,0.5463328941589811,0.1334906111918401,0.412842282967141,0.6798235053508213,2
340210014011,0.905852417302799,0.0924785156713749,0.8133739016314241,0.998330932974174,2
340210014012,0.952076677316294,0.0952994119078481,0.8567772654084459,1.0473760892241422,2
340210014013,0.7110655737704918,0.2468066136219648,0.4642589601485271,0.9578721873924566,2
340210014014,0.5245726495726496,0.1485675245775974,0.3760051249950522,0.673140174150247,2
340210017002,0.6623586429725363,0.1703687662406158,0.4919898767319205,0.8327274092131521,2
340210018003,0.5553571428571429,0.1797215583434686,0.3756355845136743,0.7350787012006115,2
340210019001,0.5428900402993667,0.1330824012009547,0.409807639098412,0.6759724415003214,2
340210020001,0.5401315789473684,0.1576039708355558,0.3825276081118126,0.6977355497829242,2
340210021001,0.586840091813313,0.2290727158509753,0.3577673759623376,0.8159128076642883,2
340210021002,0.73125,0.2508271961489803,0.4804228038510196,0.9820771961489804,2
340210021003,0.6310415248468346,0.1812143693374573,0.4498271555093773,0.8122558941842919,2
340210022001,0.6403345724907064,0.2478430890551793,0.3924914834355271,0.8881776615458856,2
340210036011,0.5591147350029121,0.194559580625782,0.3645551543771301,0.753674315628694,2
340210037034,0.7789473684210527,0.2137712942308696,0.5651760741901831,0.9927186626519224,2
340210037072,1.0,0.0,1.0,1.0,2
340210045011,1.0,0.0,1.0,1.0,2
340230038022,0.7502017756255045,0.1115580750761792,0.6386437005493253,0.8617598507016837,2
340230043003,0.8256578947368423,0.1788997378172381,0.6467581569196041,1.0045576325540804,2
340230045013,0.6968503937007874,0.1841351890653818,0.5127152046354055,0.8809855827661692,2
340230046001,0.5751503006012024,0.1947431188132971,0.3804071817879053,0.7698934194144995,2
340230046002,0.6985221674876848,0.1294982023204368,0.569023965167248,0.8280203698081217,2
340230046003,0.6187228766274024,0.2315157738846929,0.3872071027427095,0.8502386505120954,2
340230046004,0.6702302631578948,0.203621017533264,0.4666092456246308,0.8738512806911588,2
340230048001,0.7602040816326531,0.1135558547564174,0.6466482268762357,0.8737599363890705,2
340230048002,0.6696185286103542,0.1918109920820631,0.4778075365282911,0.8614295206924173,2
340230048003,0.546843853820598,0.1653203984324344,0.3815234553881635,0.7121642522530324,2
340230049002,0.6699029126213591,0.2514781381801414,0.4184247744412177,0.9213810508015006,2
340230050003,0.5053285968028419,0.155303588632714,0.3500250081701279,0.6606321854355559,2
340230051002,0.5374625374625375,0.1435867331930216,0.3938758042695158,0.6810492706555591,2
340230051003,0.8550323176361958,0.1011500000232594,0.7538823176129364,0.9561823176594552,2
340230052001,0.7624113475177305,0.1192671988834475,0.643144148634283,0.881678546401178,2
340230052002,0.7422934648581998,0.1391235116570617,0.6031699532011381,0.8814169765152615,2
340230052003,0.6632911392405063,0.1926396069461101,0.4706515322943962,0.8559307461866164,2
340230052004,0.8384615384615385,0.1486531619261041,0.6898083765354344,0.9871147003876426,2
340230053002,0.5637355146557601,0.1480661467564662,0.4156693678992939,0.7118016614122263,2
340230055001,0.7597150259067358,0.1800382727568263,0.5796767531499095,0.939753298663562,2
340230056021,0.6548436308161709,0.1945876495865412,0.4602559812296297,0.8494312804027121,2
340230056023,0.6286432160804021,0.1611947913724314,0.4674484247079706,0.7898380074528335,2
340230056024,0.4968036529680365,0.1449135371041381,0.3518901158638984,0.6417171900721746,2
340230057003,0.7319034852546917,0.1622831243400824,0.5696203609146093,0.8941866095947741,2
340230058002,0.5614035087719299,0.15808294218249,0.4033205665894399,0.7194864509544199,2
340230058003,0.669710806697108,0.2736159592386259,0.3960948474584821,0.943326765935734,2
340230060022,0.5523715415019763,0.1650201534033163,0.38735138809866,0.7173916949052926,2
340230061012,0.6977687626774848,0.2028687078331903,0.4949000548442944,0.9006374705106751,2
340230079081,0.5188503172825683,0.1569744868841195,0.3618758303984487,0.6758248041666878,2
340258034002,0.7544186046511628,0.2388575392209353,0.5155610654302275,0.9932761438720982,2
340258056002,0.5301391035548687,0.1358728163769232,0.3942662871779455,0.6660119199317919,2
340258058002,0.6202749140893471,0.2252403273256675,0.3950345867636796,0.8455152414150147,2
340258058004,0.5838845460012028,0.1323587007795016,0.4515258452217011,0.7162432467807044,2
340258059005,0.6605723370429253,0.3028944801324845,0.3576778569104408,0.9634668171754096,2
340258060003,0.5799835931091057,0.1969532050680932,0.3830303880410125,0.776936798177199,2
340258061002,0.6695018226002429,0.1603698154620546,0.5091320071381884,0.8298716380622975,2
340258065011,0.5600686498855836,0.1827029239365166,0.377365725949067,0.7427715738221001,2
340258108001,0.7268722466960353,0.2549563331591119,0.4719159135369234,0.9818285798551472,2
340258110001,0.6591796875,0.2741137317891862,0.3850659557108138,0.9332934192891862,2
340270435002,0.7067669172932332,0.2136056596690387,0.4931612576241945,0.9203725769622718,2
340270438023,0.6736196319018405,0.1916680065660254,0.4819516253358151,0.8652876384678658,2
340270448003,0.7190444145356663,0.2045211225711359,0.5145232919645304,0.923565537106802,2
340270450002,0.6088082901554404,0.164766181977838,0.4440421081776023,0.7735744721332783,2
340270465003,0.4656445201590006,0.1046673632414086,0.360977156917592,0.5703118834004092,2
340297150011,0.6332483715661286,0.1844572230591848,0.4487911485069438,0.8177055946253133,2
340297150021,0.7087075361187036,0.1713687605949549,0.5373387755237488,0.8800762967136585,2
340297152011,0.8086075949367089,0.23309770282966,0.5755098921070488,1.0417052977663688,2
340297152014,0.6264193792581378,0.2428097394646602,0.3836096397934776,0.8692291187227981,2
340297152021,0.6874559548978154,0.1740719795481835,0.5133839753496319,0.861527934445999,2
340297153011,0.7768612084965973,0.1357740020709646,0.6410872064256328,0.912635210567562,2
340297153013,0.7858428314337134,0.1677868147334341,0.6180560167002793,0.9536296461671474,2
340297153031,0.6455906821963394,0.2849517594567428,0.3606389227395966,0.9305424416530822,2
340297153032,0.8424725822532403,0.1082981948329702,0.7341743874202701,0.9507707770862104,2
340297153041,0.8336113427856547,0.1415348491249835,0.6920764936606713,0.9751461919106382,2
340297153043,0.9048458149779736,0.0965073617515827,0.8083384532263909,1.0013531767295565,2
340297154011,0.5981155264235969,0.2143328642914404,0.3837826621321565,0.8124483907150373,2
340297154031,0.8230508474576271,0.1543582786742436,0.6686925687833836,0.9774091261318708,2
340297154032,0.7204803202134757,0.1667736297278064,0.5537066904856693,0.8872539499412821,2
340297154041,0.7861364857603439,0.1396400546518367,0.6464964311085072,0.9257765404121806,2
340297154042,0.8094276094276095,0.1954726065399141,0.6139550028876954,1.0049002159675235,2
340297155021,0.7891156462585034,0.2197804553027498,0.5693351909557536,1.0088961015612532,2
340297155022,0.7084240495729359,0.2189315916054606,0.4894924579674753,0.9273556411783964,2
340297156001,0.5613802256138023,0.1670634786819317,0.3943167469318706,0.728443704295734,2
340297156002,0.6163314320024017,0.2240372778679904,0.3922941541344112,0.8403687098703921,2
340297157012,0.6093935790725327,0.1571511622461507,0.452242416826382,0.7665447413186833,2
340297157013,0.7938071780436313,0.2457720176756175,0.5480351603680138,1.0395791957192488,2
340297159021,0.7898754519887505,0.2447147522970869,0.5451606996916636,1.0345902042858377,2
340297210001,0.4810659186535764,0.1257195924364031,0.3553463262171733,0.6067855110899795,2
340297220031,0.6996507566938301,0.1452113196544508,0.5544394370393794,0.8448620763482809,2
340297280033,0.8031980319803198,0.1991979822134299,0.6040000497668899,1.0023960141937498,2
340297340033,0.5096051227321239,0.1512667403545001,0.3583383823776238,0.6608718630866239,2
340297391001,0.5287698412698413,0.1426188016361185,0.3861510396337227,0.6713886429059598,2
340311246014,0.5804347826086957,0.2138384557263704,0.3665963268823253,0.7942732383350661,2
340311251003,0.6382978723404256,0.2147076424409862,0.4235902298994394,0.8530055147814117,2
340311432023,0.7315436241610738,0.2490663508532931,0.4824772733077807,0.9806099750143668,2
340311752001,0.6792569659442724,0.1382110195974301,0.5410459463468423,0.8174679855417025,2
340311752002,0.7536630036630036,0.1347190697213412,0.6189439339416625,0.8883820733843448,2
340311752003,0.7396844660194175,0.1375505959076589,0.6021338701117587,0.8772350619270763,2
340311753011,0.7160413971539457,0.1465471514221625,0.5694942457317831,0.8625885485761082,2
340311753013,0.6145209580838324,0.1583921408861366,0.4561288171976958,0.7729130989699691,2
340311753022,0.6620450606585788,0.2561388443502632,0.4059062163083156,0.918183905008842,2
340311754011,0.7252053063802906,0.1683296425275388,0.5568756638527518,0.8935349489078294,2
340311754012,0.5758620689655172,0.1608711965580906,0.4149908724074266,0.7367332655236077,2
340311754021,0.8495726495726497,0.1196735919010588,0.7298990576715909,0.9692462414737084,2
340311754022,0.6899534264803726,0.1877840028072905,0.5021694236730821,0.8777374292876631,2
340311755012,0.7247956403269755,0.1236013559880869,0.6011942843388887,0.8483969963150624,2
340311755021,0.7272727272727273,0.2134505265615524,0.5138222007111749,0.9407232538342796,2
340311758012,0.5331506849315069,0.135224078710549,0.3979266062209579,0.6683747636420558,2
340311758032,0.6717451523545708,0.1180689770717104,0.5536761752828604,0.7898141294262812,2
340311758041,0.5633217993079584,0.1757131559731778,0.3876086433347806,0.7390349552811363,2
340311758042,0.6669374492282697,0.178179399906174,0.4887580493220956,0.8451168491344437,2
340311758043,0.7724222086638195,0.1648087655197958,0.6076134431440237,0.9372309741836152,2
340311759001,0.7587020648967552,0.1709242012038181,0.587777863692937,0.9296262661005732,2
340311802011,0.6283400809716599,0.2479767545061409,0.380363326465519,0.8763168354778008,2
340311802031,0.7074010327022375,0.1893080433939885,0.5180929893082491,0.896709076096226,2
340311802042,0.6890536415176625,0.1853423103953998,0.5037113311222626,0.8743959519130623,2
340311803022,0.6411691542288558,0.1366792445075093,0.5044899097213464,0.7778483987363651,2
340311806001,0.5645236977944628,0.1397400411872044,0.4247836566072583,0.7042637389816672,2
340311806002,0.6301684532924963,0.233038332191043,0.3971301211014533,0.8632067854835392,2
340311806003,0.6154929577464789,0.1729365772570633,0.4425563804894156,0.7884295350035422,2
340311807001,0.7038391224862888,0.1489549331051594,0.5548841893811294,0.8527940555914482,2
340311807002,0.6342592592592593,0.1956846764811291,0.4385745827781302,0.8299439357403884,2
340311808001,0.6442721791559001,0.1438288976911837,0.5004432814647164,0.7881010768470837,2
340311808002,0.5863256271519922,0.1165670990017611,0.4697585281502311,0.7028927261537533,2
340311809002,0.934850863422292,0.0552570419128355,0.8795938215094564,0.9901079053351276,2
340311811011,0.7385086823289071,0.345386026268115,0.3931226560607921,1.083894708597022,2
340311813002,0.5757938885560216,0.1933796659943976,0.382414222561624,0.7691735545504192,2
340311814001,0.5929487179487181,0.1886507428079437,0.4042979751407743,0.7815994607566618,2
340311815001,0.5340369393139842,0.1803683700117963,0.3536685693021879,0.7144053093257805,2
340311815002,0.756544502617801,0.1413637463799149,0.6151807562378862,0.8979082489977159,2
340311817021,0.6215469613259669,0.2007702630867464,0.4207766982392205,0.8223172244127133,2
340311817022,0.7098150782361309,0.1135960041936868,0.5962190740424441,0.8234110824298176,2
340311818001,0.7606915377616015,0.1626013159099165,0.598090221851685,0.923292853671518,2
340311818002,0.8369646882043578,0.104097489133436,0.7328671990709218,0.9410621773377936,2
340311819003,0.5708084644601195,0.1922659967068991,0.3785424677532203,0.7630744611670186,2
340311820001,0.798261949099938,0.1174704696754259,0.680791479424512,0.915732418775364,2
340311821002,0.6300738007380073,0.1580761491124688,0.4719976516255385,0.7881499498504762,2
340311821003,0.878619153674833,0.2003142053464219,0.6783049483284112,1.0789333590212549,2
340311822001,0.792619926199262,0.1123204213243554,0.6802995048749066,0.9049403475236174,2
340311822002,0.5661016949152543,0.131532008552893,0.4345696863623613,0.6976337034681472,2
340311823021,0.8722538649308381,0.0882866711247098,0.7839671938061283,0.960540536055548,2
340311823024,0.6962457337883958,0.1846369160912657,0.5116088176971301,0.8808826498796616,2
340311824002,0.7424,0.1923569207206427,0.5500430792793572,0.9347569207206426,2
340311824004,0.6413427561837456,0.1969704998990981,0.4443722562846475,0.8383132560828437,2
340311825022,0.7386454183266933,0.351087126737495,0.3875582915891983,1.0897325450641882,2
340311828001,0.7259537882858678,0.1677581080644436,0.5581956802214242,0.8937118963503113,2
340311828002,0.5749007936507937,0.2082445110651302,0.3666562825856635,0.7831453047159239,2
340311829001,0.6613657623947615,0.1896553106882443,0.4717104517065172,0.8510210730830058,2
340311830011,0.5978618421052633,0.2341813355567288,0.3636805065485344,0.8320431776619921,2
340311830021,0.6918489065606361,0.2941105242460519,0.3977383823145842,0.985959430806688,2
340311830022,0.8142857142857143,0.1980163838142162,0.6162693304714981,1.0123020980999304,2
340311831011,0.5821371610845295,0.1885786755615116,0.3935584855230179,0.7707158366460412,2
340311832001,0.7277085330776606,0.1356288046237526,0.592079728453908,0.8633373377014132,2
340311832002,0.6390154968094803,0.1474037602082684,0.4916117366012119,0.7864192570177487,2
340312036003,0.6569767441860466,0.2595616258657944,0.3974151183202521,0.916538370051841,2
340312642002,0.5118250780901383,0.1376468879172881,0.3741781901728502,0.6494719660074264,2
340312642003,0.7116486314449395,0.1415350124401813,0.5701136190047582,0.8531836438851208,2
340330202001,0.6604068857589984,0.2171766601283373,0.4432302256306611,0.8775835458873358,2
340330202002,0.6369472182596291,0.1344848487610684,0.5024623694985607,0.7714320670206974,2
340330203001,0.7248979591836735,0.127256121044558,0.5976418381391155,0.8521540802282315,2
340330203002,0.6471760797342193,0.2125872157702212,0.4345888639639981,0.8597632955044405,2
340330216005,0.5808671713695802,0.2275210115619518,0.3533461598076284,0.808388182931532,2
340330220001,0.7054067710965134,0.1079991091008429,0.5974076619956705,0.8134058801973563,2
340350518003,0.5810729355033153,0.1661295420616518,0.4149433934416635,0.747202477564967,2
340390302002,0.6151812688821752,0.1112184301160927,0.5039628387660825,0.7263996989982678,2
340390304001,0.7430555555555556,0.1535412240082851,0.5895143315472705,0.8965967795638407,2
340390304004,0.6424870466321244,0.1690460369820044,0.47344100965012,0.8115330836141288,2
340390305001,0.668141592920354,0.2995136743679051,0.3686279185524489,0.9676552672882592,2
340390305002,0.526621490803485,0.164030701095833,0.3625907897076519,0.690652191899318,2
340390306002,0.5367149758454106,0.1461597441296993,0.3905552317157113,0.68287471997511,2
340390309001,0.6371559633027524,0.1694783362128742,0.4676776270898781,0.8066342995156266,2
340390309003,0.6530314097881667,0.1818180411620102,0.4712133686261565,0.8348494509501768,2
340390310002,0.6310432569974556,0.1964676843115674,0.4345755726858882,0.8275109413090229,2
340390311003,0.7159565580618212,0.2131869813178981,0.5027695767439231,0.9291435393797194,2
340390311005,0.6032944406314344,0.1681980278835066,0.4350964127479279,0.771492468514941,2
340390312003,0.5824384080859129,0.2299381958930701,0.3525002121928428,0.8123766039789829,2
340390312005,0.736842105263158,0.1911019110465498,0.5457401942166081,0.9279440163097078,2
340390313011,0.6235216819973719,0.2061208839174748,0.4174007980798971,0.8296425659148468,2
340390313023,0.6255666364460561,0.2436184325069154,0.3819482039391407,0.8691850689529715,2
340390314001,0.5208220659816116,0.1695061711762139,0.3513158948053977,0.6903282371578255,2
340390314002,0.5526315789473684,0.1630583173623892,0.3895732615849792,0.7156898963097575,2
340390318013,0.601461038961039,0.2038633954966649,0.3975976434643741,0.8053244344577039,2
340390318022,0.5994978028876334,0.19904790669796,0.4004498961896734,0.7985457095855935,2
340390319041,0.5912,0.1406332115868302,0.4505667884131697,0.7318332115868301,2
340390319042,0.5460750853242321,0.1438021923925256,0.4022728929317065,0.6898772777167577,2
340390320032,0.6042154566744731,0.2314580941564364,0.3727573625180367,0.8356735508309094,2
340390345002,0.6410748560460653,0.2289661706139252,0.4121086854321401,0.8700410266599905,2
340390347001,0.5556858147713951,0.1814837204687256,0.3742020943026695,0.7371695352401207,2
340390392003,0.7143734643734644,0.1622673208964612,0.5521061434770032,0.8766407852699256,2
340390392004,0.7885438972162742,0.1526052965150861,0.635938600701188,0.9411491937313604,2
340390393011,0.6725838264299804,0.2113067337833198,0.4612770926466606,0.8838905602133001,2
340390393012,0.6801112656467316,0.1786112085958913,0.5015000570508403,0.8587224742426229,2
340390393021,0.7780678851174935,0.0876890801732626,0.6903788049442309,0.8657569652907561,2
340390394001,0.734622823984526,0.1747740352160184,0.5598487887685076,0.9093968592005444,2
340390395012,0.5900900900900901,0.2070263775255061,0.3830637125645839,0.7971164676155962,2
340390396003,0.6595631326584976,0.2081457284507065,0.4514174042077911,0.8677088611092041,2
340390398012,0.6329453894359893,0.2519841684120996,0.3809612210238897,0.8849295578480889,2
340390399002,0.6598513011152417,0.139341534339458,0.5205097667757836,0.7991928354546998,2
340410309001,0.756838905775076,0.1417501879026319,0.615088717872444,0.8985890936777079,2
